countrycode,country,year,fdi,key
AUS,Australia,1970,2.1769682,AUS-1970
AUS,Australia,1971,2.545202038,AUS-1971
AUS,Australia,1972,2.0277660809999998,AUS-1972
AUS,Australia,1973,0.23113167699999998,AUS-1973
AUS,Australia,1974,1.500022288,AUS-1974
AUS,Australia,1975,0.46845259,AUS-1975
AUS,Australia,1976,0.994037905,AUS-1976
AUS,Australia,1977,1.0339260590000001,AUS-1977
AUS,Australia,1978,1.417974887,AUS-1978
AUS,Australia,1979,1.105100551,AUS-1979
AUS,Australia,1980,1.248732166,AUS-1980
AUS,Australia,1981,1.328866575,AUS-1981
AUS,Australia,1982,1.21984754,AUS-1982
AUS,Australia,1983,1.6866457209999999,AUS-1983
AUS,Australia,1984,0.19389430600000002,AUS-1984
AUS,Australia,1985,1.144669345,AUS-1985
AUS,Australia,1986,2.9322345039999997,AUS-1986
AUS,Australia,1987,2.784316332,AUS-1987
AUS,Australia,1988,3.1298036789999997,AUS-1988
AUS,Australia,1989,2.4253202330000003,AUS-1989
AUS,Australia,1990,2.609363039,AUS-1990
AUS,Australia,1991,1.325418341,AUS-1991
AUS,Australia,1992,1.754237548,AUS-1992
AUS,Australia,1993,1.386181307,AUS-1993
AUS,Australia,1994,1.552048546,AUS-1994
AUS,Australia,1995,3.275024527,AUS-1995
AUS,Australia,1996,1.5441766540000001,AUS-1996
AUS,Australia,1997,1.756059571,AUS-1997
AUS,Australia,1998,1.493343765,AUS-1998
AUS,Australia,1999,0.8524922309999999,AUS-1999
AUS,Australia,2000,3.588373489,AUS-2000
AUS,Australia,2001,2.833608022,AUS-2001
AUS,Australia,2002,3.7152891169999998,AUS-2002
AUS,Australia,2003,1.9269457769999998,AUS-2003
AUS,Australia,2004,7.012154688,AUS-2004
AUS,Australia,2005,-3.622816984,AUS-2005
AUS,Australia,2006,4.09794832,AUS-2006
AUS,Australia,2007,5.216200847,AUS-2007
AUS,Australia,2008,4.2903937789999995,AUS-2008
AUS,Australia,2009,3.096046266,AUS-2009
AUS,Australia,2010,3.077160513,AUS-2010
AUS,Australia,2011,4.701699354,AUS-2011
AUS,Australia,2012,3.728781663,AUS-2012
AUS,Australia,2013,3.431239657,AUS-2013
AUS,Australia,2014,3.138579866,AUS-2014
AUS,Australia,2015,2.7737966060000003,AUS-2015
AUS,Australia,2016,3.524719862,AUS-2016
AUS,Australia,2017,3.683810713,AUS-2017
AUT,Austria,1970,0.7328029909999999,AUT-1970
AUT,Austria,1971,0.7992303820000001,AUT-1971
AUT,Austria,1972,0.659136815,AUT-1972
AUT,Austria,1973,0.54465602,AUT-1973
AUT,Austria,1974,0.503121177,AUT-1974
AUT,Austria,1975,0.197493687,AUT-1975
AUT,Austria,1976,0.212366202,AUT-1976
AUT,Austria,1977,0.18782178300000002,AUT-1977
AUT,Austria,1978,0.22946738600000002,AUT-1978
AUT,Austria,1979,0.253497718,AUT-1979
AUT,Austria,1980,0.291624498,AUT-1980
AUT,Austria,1981,0.46107362,AUT-1981
AUT,Austria,1982,0.291710695,AUT-1982
AUT,Austria,1983,0.29966502300000003,AUT-1983
AUT,Austria,1984,0.169502455,AUT-1984
AUT,Austria,1985,0.24947962699999998,AUT-1985
AUT,Austria,1986,0.188356396,AUT-1986
AUT,Austria,1987,0.329814979,AUT-1987
AUT,Austria,1988,0.326759657,AUT-1988
AUT,Austria,1989,0.441266301,AUT-1989
AUT,Austria,1990,0.392410762,AUT-1990
AUT,Austria,1991,0.20718277699999998,AUT-1991
AUT,Austria,1992,0.739415411,AUT-1992
AUT,Austria,1993,0.593065429,AUT-1993
AUT,Austria,1994,1.039909225,AUT-1994
AUT,Austria,1995,0.788462573,AUT-1995
AUT,Austria,1996,1.8607565940000002,AUT-1996
AUT,Austria,1997,1.233034743,AUT-1997
AUT,Austria,1998,2.127402555,AUT-1998
AUT,Austria,1999,1.3851365119999999,AUT-1999
AUT,Austria,2000,4.332020303999999,AUT-2000
AUT,Austria,2001,2.992775978,AUT-2001
AUT,Austria,2002,0.14909350300000002,AUT-2002
AUT,Austria,2003,2.712406032,AUT-2003
AUT,Austria,2004,1.293452982,AUT-2004
AUT,Austria,2005,25.72610677,AUT-2005
AUT,Austria,2006,3.1242536519999997,AUT-2006
AUT,Austria,2007,17.72237605,AUT-2007
AUT,Austria,2008,1.466623559,AUT-2008
AUT,Austria,2009,3.5717648389999996,AUT-2009
AUT,Austria,2010,-5.615209098999999,AUT-2010
AUT,Austria,2011,5.328997441,AUT-2011
AUT,Austria,2012,1.274867727,AUT-2012
AUT,Austria,2013,0.10494193800000001,AUT-2013
AUT,Austria,2014,0.387515471,AUT-2014
AUT,Austria,2015,-2.244974475,AUT-2015
AUT,Austria,2016,-7.663360967000001,AUT-2016
AUT,Austria,2017,3.304558557,AUT-2017
BEL,Belgium,1970,,BEL-1970
BEL,Belgium,1971,,BEL-1971
BEL,Belgium,1972,,BEL-1972
BEL,Belgium,1973,,BEL-1973
BEL,Belgium,1974,,BEL-1974
BEL,Belgium,1975,,BEL-1975
BEL,Belgium,1976,,BEL-1976
BEL,Belgium,1977,,BEL-1977
BEL,Belgium,1978,,BEL-1978
BEL,Belgium,1979,,BEL-1979
BEL,Belgium,1980,,BEL-1980
BEL,Belgium,1981,,BEL-1981
BEL,Belgium,1982,,BEL-1982
BEL,Belgium,1983,,BEL-1983
BEL,Belgium,1984,,BEL-1984
BEL,Belgium,1985,,BEL-1985
BEL,Belgium,1986,,BEL-1986
BEL,Belgium,1987,,BEL-1987
BEL,Belgium,1988,,BEL-1988
BEL,Belgium,1989,,BEL-1989
BEL,Belgium,1990,,BEL-1990
BEL,Belgium,1991,,BEL-1991
BEL,Belgium,1992,,BEL-1992
BEL,Belgium,1993,,BEL-1993
BEL,Belgium,1994,,BEL-1994
BEL,Belgium,1995,,BEL-1995
BEL,Belgium,1996,,BEL-1996
BEL,Belgium,1997,,BEL-1997
BEL,Belgium,1998,,BEL-1998
BEL,Belgium,1999,,BEL-1999
BEL,Belgium,2000,,BEL-2000
BEL,Belgium,2001,,BEL-2001
BEL,Belgium,2002,6.984681408999999,BEL-2002
BEL,Belgium,2003,10.82872618,BEL-2003
BEL,Belgium,2004,11.97545937,BEL-2004
BEL,Belgium,2005,8.695613929,BEL-2005
BEL,Belgium,2006,14.35475886,BEL-2006
BEL,Belgium,2007,20.471301500000003,BEL-2007
BEL,Belgium,2008,36.73991526,BEL-2008
BEL,Belgium,2009,17.85728562,BEL-2009
BEL,Belgium,2010,23.05670402,BEL-2010
BEL,Belgium,2011,29.98596411,BEL-2011
BEL,Belgium,2012,1.3423439419999998,BEL-2012
BEL,Belgium,2013,-5.4470765210000005,BEL-2013
BEL,Belgium,2014,-4.508745139,BEL-2014
BEL,Belgium,2015,-6.3989494460000005,BEL-2015
BEL,Belgium,2016,7.916495922999999,BEL-2016
BEL,Belgium,2017,-6.305332539,BEL-2017
CAN,Canada,1970,2.0775179230000003,CAN-1970
CAN,Canada,1971,2.290032793,CAN-1971
CAN,Canada,1972,1.8679159269999999,CAN-1972
CAN,Canada,1973,2.425027516,CAN-1973
CAN,Canada,1974,2.321243223,CAN-1974
CAN,Canada,1975,1.947941599,CAN-1975
CAN,Canada,1976,1.186362422,CAN-1976
CAN,Canada,1977,1.59338726,CAN-1977
CAN,Canada,1978,1.710699134,CAN-1978
CAN,Canada,1979,2.183605525,CAN-1979
CAN,Canada,1980,2.122779752,CAN-1980
CAN,Canada,1981,0.216749136,CAN-1981
CAN,Canada,1982,0.028722569,CAN-1982
CAN,Canada,1983,0.587141206,CAN-1983
CAN,Canada,1984,1.337676268,CAN-1984
CAN,Canada,1985,0.37193331799999996,CAN-1985
CAN,Canada,1986,0.754694286,CAN-1986
CAN,Canada,1987,1.8813703640000001,CAN-1987
CAN,Canada,1988,1.196627609,CAN-1988
CAN,Canada,1989,1.066574498,CAN-1989
CAN,Canada,1990,1.276346989,CAN-1990
CAN,Canada,1991,0.470957646,CAN-1991
CAN,Canada,1992,0.8063629240000001,CAN-1992
CAN,Canada,1993,0.8227823329999999,CAN-1993
CAN,Canada,1994,1.422453076,CAN-1994
CAN,Canada,1995,1.542823715,CAN-1995
CAN,Canada,1996,1.532919334,CAN-1996
CAN,Canada,1997,1.7650726819999998,CAN-1997
CAN,Canada,1998,3.599559414,CAN-1998
CAN,Canada,1999,3.6665273999999997,CAN-1999
CAN,Canada,2000,9.202457664,CAN-2000
CAN,Canada,2001,3.85570017,CAN-2001
CAN,Canada,2002,3.2319673389999997,CAN-2002
CAN,Canada,2003,0.7857462479999999,CAN-2003
CAN,Canada,2004,0.140922422,CAN-2004
CAN,Canada,2005,2.184559416,CAN-2005
CAN,Canada,2006,4.888360937,CAN-2006
CAN,Canada,2007,8.220132909,CAN-2007
CAN,Canada,2008,4.5262109189999995,CAN-2008
CAN,Canada,2009,1.526554641,CAN-2009
CAN,Canada,2010,1.841558834,CAN-2010
CAN,Canada,2011,2.1422922140000002,CAN-2011
CAN,Canada,2012,2.706688355,CAN-2012
CAN,Canada,2013,3.638694094,CAN-2013
CAN,Canada,2014,3.5625590039999997,CAN-2014
CAN,Canada,2015,3.952376512,CAN-2015
CAN,Canada,2016,2.253728885,CAN-2016
CAN,Canada,2017,1.665149222,CAN-2017
CHE,Switzerland,1970,,CHE-1970
CHE,Switzerland,1971,,CHE-1971
CHE,Switzerland,1972,,CHE-1972
CHE,Switzerland,1973,,CHE-1973
CHE,Switzerland,1974,,CHE-1974
CHE,Switzerland,1975,,CHE-1975
CHE,Switzerland,1976,,CHE-1976
CHE,Switzerland,1977,,CHE-1977
CHE,Switzerland,1978,,CHE-1978
CHE,Switzerland,1979,,CHE-1979
CHE,Switzerland,1980,,CHE-1980
CHE,Switzerland,1981,,CHE-1981
CHE,Switzerland,1982,,CHE-1982
CHE,Switzerland,1983,0.577323359,CHE-1983
CHE,Switzerland,1984,0.731169939,CHE-1984
CHE,Switzerland,1985,1.17600493,CHE-1985
CHE,Switzerland,1986,1.37387097,CHE-1986
CHE,Switzerland,1987,1.1993273690000001,CHE-1987
CHE,Switzerland,1988,0.19362254199999998,CHE-1988
CHE,Switzerland,1989,1.235746492,CHE-1989
CHE,Switzerland,1990,2.1485916119999997,CHE-1990
CHE,Switzerland,1991,1.087184706,CHE-1991
CHE,Switzerland,1992,0.41516850200000005,CHE-1992
CHE,Switzerland,1993,0.64570401,CHE-1993
CHE,Switzerland,1994,1.258411483,CHE-1994
CHE,Switzerland,1995,1.2136723729999999,CHE-1995
CHE,Switzerland,1996,1.324765852,CHE-1996
CHE,Switzerland,1997,2.549991711,CHE-1997
CHE,Switzerland,1998,3.270382297,CHE-1998
CHE,Switzerland,1999,4.286123054,CHE-1999
CHE,Switzerland,2000,8.483886475,CHE-2000
CHE,Switzerland,2001,3.504636375,CHE-2001
CHE,Switzerland,2002,2.739744533,CHE-2002
CHE,Switzerland,2003,5.588049222,CHE-2003
CHE,Switzerland,2004,1.801864139,CHE-2004
CHE,Switzerland,2005,0.652062696,CHE-2005
CHE,Switzerland,2006,12.47577839,CHE-2006
CHE,Switzerland,2007,10.14523321,CHE-2007
CHE,Switzerland,2008,0.539526277,CHE-2008
CHE,Switzerland,2009,8.801107709,CHE-2009
CHE,Switzerland,2010,3.02693574,CHE-2010
CHE,Switzerland,2011,2.968137248,CHE-2011
CHE,Switzerland,2012,5.979174634,CHE-2012
CHE,Switzerland,2013,-3.6203797769999997,CHE-2013
CHE,Switzerland,2014,2.9615916560000004,CHE-2014
CHE,Switzerland,2015,17.06071612,CHE-2015
CHE,Switzerland,2016,9.043416792999999,CHE-2016
CHE,Switzerland,2017,5.577348637,CHE-2017
CHL,Chile,1970,,CHL-1970
CHL,Chile,1971,,CHL-1971
CHL,Chile,1972,,CHL-1972
CHL,Chile,1973,,CHL-1973
CHL,Chile,1974,,CHL-1974
CHL,Chile,1975,0.655977095,CHL-1975
CHL,Chile,1976,-0.00966938,CHL-1976
CHL,Chile,1977,0.15039862699999998,CHL-1977
CHL,Chile,1978,1.1319621659999999,CHL-1978
CHL,Chile,1979,1.119076275,CHL-1979
CHL,Chile,1980,0.733554183,CHL-1980
CHL,Chile,1981,1.109827162,CHL-1981
CHL,Chile,1982,1.583359753,CHL-1982
CHL,Chile,1983,0.663196455,CHL-1983
CHL,Chile,1984,0.39750231,CHL-1984
CHL,Chile,1985,0.815121359,CHL-1985
CHL,Chile,1986,1.6701031430000002,CHL-1986
CHL,Chile,1987,4.001274713,CHL-1987
CHL,Chile,1988,3.7169410860000003,CHL-1988
CHL,Chile,1989,4.294698261000001,CHL-1989
CHL,Chile,1990,1.996745304,CHL-1990
CHL,Chile,1991,2.174453509,CHL-1991
CHL,Chile,1992,2.036579343,CHL-1992
CHL,Chile,1993,2.098066372,CHL-1993
CHL,Chile,1994,4.52933051,CHL-1994
CHL,Chile,1995,4.0260289060000005,CHL-1995
CHL,Chile,1996,6.1694546279999996,CHL-1996
CHL,Chile,1997,6.205124781,CHL-1997
CHL,Chile,1998,5.672914638,CHL-1998
CHL,Chile,1999,11.654348800000001,CHL-1999
CHL,Chile,2000,6.241918165,CHL-2000
CHL,Chile,2001,5.916832274,CHL-2001
CHL,Chile,2002,3.6564951710000004,CHL-2002
CHL,Chile,2003,5.322995327,CHL-2003
CHL,Chile,2004,6.851351402000001,CHL-2004
CHL,Chile,2005,6.068571208,CHL-2005
CHL,Chile,2006,4.901018925,CHL-2006
CHL,Chile,2007,7.761691959,CHL-2007
CHL,Chile,2008,10.28348767,CHL-2008
CHL,Chile,2009,8.037105618,CHL-2009
CHL,Chile,2010,7.330402955,CHL-2010
CHL,Chile,2011,9.573600861000001,CHL-2011
CHL,Chile,2012,11.34033082,CHL-2012
CHL,Chile,2013,7.480616902,CHL-2013
CHL,Chile,2014,9.108864815,CHL-2014
CHL,Chile,2015,8.627383095,CHL-2015
CHL,Chile,2016,4.94883281,CHL-2016
CHL,Chile,2017,2.31654288,CHL-2017
CZE,Czech Republic,1970,,CZE-1970
CZE,Czech Republic,1971,,CZE-1971
CZE,Czech Republic,1972,,CZE-1972
CZE,Czech Republic,1973,,CZE-1973
CZE,Czech Republic,1974,,CZE-1974
CZE,Czech Republic,1975,,CZE-1975
CZE,Czech Republic,1976,,CZE-1976
CZE,Czech Republic,1977,,CZE-1977
CZE,Czech Republic,1978,,CZE-1978
CZE,Czech Republic,1979,,CZE-1979
CZE,Czech Republic,1980,,CZE-1980
CZE,Czech Republic,1981,,CZE-1981
CZE,Czech Republic,1982,,CZE-1982
CZE,Czech Republic,1983,,CZE-1983
CZE,Czech Republic,1984,,CZE-1984
CZE,Czech Republic,1985,,CZE-1985
CZE,Czech Republic,1986,,CZE-1986
CZE,Czech Republic,1987,,CZE-1987
CZE,Czech Republic,1988,,CZE-1988
CZE,Czech Republic,1989,,CZE-1989
CZE,Czech Republic,1990,,CZE-1990
CZE,Czech Republic,1991,,CZE-1991
CZE,Czech Republic,1992,,CZE-1992
CZE,Czech Republic,1993,1.610953817,CZE-1993
CZE,Czech Republic,1994,1.846783197,CZE-1994
CZE,Czech Republic,1995,4.295331996,CZE-1995
CZE,Czech Republic,1996,2.142662876,CZE-1996
CZE,Czech Republic,1997,2.081967759,CZE-1997
CZE,Czech Republic,1998,5.5649701910000005,CZE-1998
CZE,Czech Republic,1999,9.731527053999999,CZE-1999
CZE,Czech Republic,2000,8.089408203,CZE-2000
CZE,Czech Republic,2001,8.353677389,CZE-2001
CZE,Czech Republic,2002,10.37300569,CZE-2002
CZE,Czech Republic,2003,2.028840475,CZE-2003
CZE,Czech Republic,2004,5.390523702,CZE-2004
CZE,Czech Republic,2005,10.07491575,CZE-2005
CZE,Czech Republic,2006,4.587564489,CZE-2006
CZE,Czech Republic,2007,7.301099895,CZE-2007
CZE,Czech Republic,2008,3.739795465,CZE-2008
CZE,Czech Republic,2009,2.5568019,CZE-2009
CZE,Czech Republic,2010,4.9006840910000005,CZE-2010
CZE,Czech Republic,2011,1.8375814069999998,CZE-2011
CZE,Czech Republic,2012,4.548829363,CZE-2012
CZE,Czech Republic,2013,3.513606851,CZE-2013
CZE,Czech Republic,2014,3.892179242,CZE-2014
CZE,Czech Republic,2015,0.909872696,CZE-2015
CZE,Czech Republic,2016,5.555724426,CZE-2016
CZE,Czech Republic,2017,4.26935063,CZE-2017
DEU,Germany,1970,,DEU-1970
DEU,Germany,1971,0.443038155,DEU-1971
DEU,Germany,1972,0.635245709,DEU-1972
DEU,Germany,1973,0.529724998,DEU-1973
DEU,Germany,1974,0.49073508899999996,DEU-1974
DEU,Germany,1975,0.141269406,DEU-1975
DEU,Germany,1976,0.255195203,DEU-1976
DEU,Germany,1977,0.158800099,DEU-1977
DEU,Germany,1978,0.21736854,DEU-1978
DEU,Germany,1979,0.197327051,DEU-1979
DEU,Germany,1980,0.036170709,DEU-1980
DEU,Germany,1981,0.040128266,DEU-1981
DEU,Germany,1982,0.09832799,DEU-1982
DEU,Germany,1983,0.22455168,DEU-1983
DEU,Germany,1984,0.07335749700000001,DEU-1984
DEU,Germany,1985,0.112564212,DEU-1985
DEU,Germany,1986,0.215031418,DEU-1986
DEU,Germany,1987,0.163819708,DEU-1987
DEU,Germany,1988,0.076275255,DEU-1988
DEU,Germany,1989,0.5032615029999999,DEU-1989
DEU,Germany,1990,0.17019679999999998,DEU-1990
DEU,Germany,1991,0.25502716,DEU-1991
DEU,Germany,1992,-0.09971929800000001,DEU-1992
DEU,Germany,1993,0.019401992,DEU-1993
DEU,Germany,1994,0.330485425,DEU-1994
DEU,Germany,1995,0.46247058399999996,DEU-1995
DEU,Germany,1996,0.256791078,DEU-1996
DEU,Germany,1997,0.576755169,DEU-1997
DEU,Germany,1998,1.053654221,DEU-1998
DEU,Germany,1999,2.541261561,DEU-1999
DEU,Germany,2000,12.71756149,DEU-2000
DEU,Germany,2001,2.91855001,DEU-2001
DEU,Germany,2002,2.463620165,DEU-2002
DEU,Germany,2003,2.607953141,DEU-2003
DEU,Germany,2004,-0.7251841809999999,DEU-2004
DEU,Germany,2005,2.091827252,DEU-2005
DEU,Germany,2006,2.912349683,DEU-2006
DEU,Germany,2007,1.4780737609999999,DEU-2007
DEU,Germany,2008,0.824174902,DEU-2008
DEU,Germany,2009,1.657945651,DEU-2009
DEU,Germany,2010,2.518329046,DEU-2010
DEU,Germany,2011,2.594160673,DEU-2011
DEU,Germany,2012,1.847194475,DEU-2012
DEU,Germany,2013,1.796331306,DEU-2013
DEU,Germany,2014,0.50836175,DEU-2014
DEU,Germany,2015,1.6031980819999998,DEU-2015
DEU,Germany,2016,1.669357641,DEU-2016
DEU,Germany,2017,2.120589595,DEU-2017
DNK,Denmark,1970,0.609060953,DNK-1970
DNK,Denmark,1971,0.654941229,DNK-1971
DNK,Denmark,1972,0.705910349,DNK-1972
DNK,Denmark,1973,0.6898652540000001,DNK-1973
DNK,Denmark,1974,0.702568635,DNK-1974
DNK,Denmark,1975,0.65953297,DNK-1975
DNK,Denmark,1976,-0.42690307,DNK-1976
DNK,Denmark,1977,0.152256347,DNK-1977
DNK,Denmark,1978,0.148211803,DNK-1978
DNK,Denmark,1979,0.31818258,DNK-1979
DNK,Denmark,1980,0.146384402,DNK-1980
DNK,Denmark,1981,0.160726985,DNK-1981
DNK,Denmark,1982,0.22155899899999998,DNK-1982
DNK,Denmark,1983,0.099152387,DNK-1983
DNK,Denmark,1984,-0.025982215,DNK-1984
DNK,Denmark,1985,0.17731567,DNK-1985
DNK,Denmark,1986,0.185364097,DNK-1986
DNK,Denmark,1987,0.07737633599999999,DNK-1987
DNK,Denmark,1988,0.43559126299999995,DNK-1988
DNK,Denmark,1989,0.96928446,DNK-1989
DNK,Denmark,1990,0.818928593,DNK-1990
DNK,Denmark,1991,1.115114625,DNK-1991
DNK,Denmark,1992,0.665324655,DNK-1992
DNK,Denmark,1993,1.196102455,DNK-1993
DNK,Denmark,1994,3.205753236,DNK-1994
DNK,Denmark,1995,2.237441927,DNK-1995
DNK,Denmark,1996,0.41221245100000004,DNK-1996
DNK,Denmark,1997,1.608683969,DNK-1997
DNK,Denmark,1998,3.771165608,DNK-1998
DNK,Denmark,1999,9.466972698,DNK-1999
DNK,Denmark,2000,21.93808544,DNK-2000
DNK,Denmark,2001,5.635247886,DNK-2001
DNK,Denmark,2002,2.480308564,DNK-2002
DNK,Denmark,2003,0.543258554,DNK-2003
DNK,Denmark,2004,-3.502430335,DNK-2004
DNK,Denmark,2005,4.857701103,DNK-2005
DNK,Denmark,2006,0.843187169,DNK-2006
DNK,Denmark,2007,3.6971147460000005,DNK-2007
DNK,Denmark,2008,0.6201067229999999,DNK-2008
DNK,Denmark,2009,1.173902083,DNK-2009
DNK,Denmark,2010,-3.654668278,DNK-2010
DNK,Denmark,2011,3.941502362,DNK-2011
DNK,Denmark,2012,-4.997670995,DNK-2012
DNK,Denmark,2013,0.19801218399999998,DNK-2013
DNK,Denmark,2014,1.863305275,DNK-2014
DNK,Denmark,2015,0.6142649,DNK-2015
DNK,Denmark,2016,2.779111458,DNK-2016
DNK,Denmark,2017,-0.69761846,DNK-2017
ESP,Spain,1970,0.543030852,ESP-1970
ESP,Spain,1971,0.4344759,ESP-1971
ESP,Spain,1972,0.45445445100000004,ESP-1972
ESP,Spain,1973,0.497284477,ESP-1973
ESP,Spain,1974,0.36903488100000004,ESP-1974
ESP,Spain,1975,0.596368776,ESP-1975
ESP,Spain,1976,0.404129778,ESP-1976
ESP,Spain,1977,0.460047638,ESP-1977
ESP,Spain,1978,0.735596055,ESP-1978
ESP,Spain,1979,0.652656981,ESP-1979
ESP,Spain,1980,0.643030874,ESP-1980
ESP,Spain,1981,0.8438602829999999,ESP-1981
ESP,Spain,1982,0.9120254059999999,ESP-1982
ESP,Spain,1983,0.951621067,ESP-1983
ESP,Spain,1984,1.032321482,ESP-1984
ESP,Spain,1985,1.091391094,ESP-1985
ESP,Spain,1986,1.3767233209999998,ESP-1986
ESP,Spain,1987,1.4378599930000002,ESP-1987
ESP,Spain,1988,1.871459206,ESP-1988
ESP,Spain,1989,2.037658919,ESP-1989
ESP,Spain,1990,2.6132646569999998,ESP-1990
ESP,Spain,1991,2.170398641,ESP-1991
ESP,Spain,1992,2.109928897,ESP-1992
ESP,Spain,1993,1.848847506,ESP-1993
ESP,Spain,1994,1.741710511,ESP-1994
ESP,Spain,1995,1.319140493,ESP-1995
ESP,Spain,1996,1.501285549,ESP-1996
ESP,Spain,1997,1.518148725,ESP-1997
ESP,Spain,1998,2.31463395,ESP-1998
ESP,Spain,1999,2.925389688,ESP-1999
ESP,Spain,2000,6.800352553,ESP-2000
ESP,Spain,2001,4.615555866,ESP-2001
ESP,Spain,2002,5.588865584,ESP-2002
ESP,Spain,2003,3.389781133,ESP-2003
ESP,Spain,2004,2.353909191,ESP-2004
ESP,Spain,2005,2.3088995430000003,ESP-2005
ESP,Spain,2006,2.6088159369999997,ESP-2006
ESP,Spain,2007,4.986868503,ESP-2007
ESP,Spain,2008,4.865873989,ESP-2008
ESP,Spain,2009,0.899122315,ESP-2009
ESP,Spain,2010,2.865295766,ESP-2010
ESP,Spain,2011,2.135799937,ESP-2011
ESP,Spain,2012,1.8648806580000001,ESP-2012
ESP,Spain,2013,3.839448478,ESP-2013
ESP,Spain,2014,2.533915532,ESP-2014
ESP,Spain,2015,2.8620512739999997,ESP-2015
ESP,Spain,2016,2.595788744,ESP-2016
ESP,Spain,2017,0.328416025,ESP-2017
EST,Estonia,1970,,EST-1970
EST,Estonia,1971,,EST-1971
EST,Estonia,1972,,EST-1972
EST,Estonia,1973,,EST-1973
EST,Estonia,1974,,EST-1974
EST,Estonia,1975,,EST-1975
EST,Estonia,1976,,EST-1976
EST,Estonia,1977,,EST-1977
EST,Estonia,1978,,EST-1978
EST,Estonia,1979,,EST-1979
EST,Estonia,1980,,EST-1980
EST,Estonia,1981,,EST-1981
EST,Estonia,1982,,EST-1982
EST,Estonia,1983,,EST-1983
EST,Estonia,1984,,EST-1984
EST,Estonia,1985,,EST-1985
EST,Estonia,1986,,EST-1986
EST,Estonia,1987,,EST-1987
EST,Estonia,1988,,EST-1988
EST,Estonia,1989,,EST-1989
EST,Estonia,1990,,EST-1990
EST,Estonia,1991,,EST-1991
EST,Estonia,1992,,EST-1992
EST,Estonia,1993,,EST-1993
EST,Estonia,1994,,EST-1994
EST,Estonia,1995,4.606877098,EST-1995
EST,Estonia,1996,3.165169951,EST-1996
EST,Estonia,1997,5.254861345,EST-1997
EST,Estonia,1998,10.33492669,EST-1998
EST,Estonia,1999,5.328947614,EST-1999
EST,Estonia,2000,7.320273855,EST-2000
EST,Estonia,2001,9.493722335,EST-2001
EST,Estonia,2002,4.619380625,EST-2002
EST,Estonia,2003,10.55276822,EST-2003
EST,Estonia,2004,9.009741451,EST-2004
EST,Estonia,2005,22.32813285,EST-2005
EST,Estonia,2006,13.04073383,EST-2006
EST,Estonia,2007,15.42039675,EST-2007
EST,Estonia,2008,7.742610752,EST-2008
EST,Estonia,2009,9.492747024,EST-2009
EST,Estonia,2010,13.302610399999999,EST-2010
EST,Estonia,2011,4.827558145,EST-2011
EST,Estonia,2012,7.759292017999999,EST-2012
EST,Estonia,2013,4.370606686,EST-2013
EST,Estonia,2014,6.677263791000001,EST-2014
EST,Estonia,2015,-3.20182758,EST-2015
EST,Estonia,2016,3.177755049,EST-2016
EST,Estonia,2017,3.290878787,EST-2017
FIN,Finland,1970,0.158367707,FIN-1970
FIN,Finland,1971,0.199414355,FIN-1971
FIN,Finland,1972,0.250777129,FIN-1972
FIN,Finland,1973,0.066711733,FIN-1973
FIN,Finland,1974,0.14074720599999999,FIN-1974
FIN,Finland,1975,0.23146711600000003,FIN-1975
FIN,Finland,1976,0.18192155899999998,FIN-1976
FIN,Finland,1977,0.14335774699999998,FIN-1977
FIN,Finland,1978,0.09314849800000001,FIN-1978
FIN,Finland,1979,0.061863082,FIN-1979
FIN,Finland,1980,0.052062393,FIN-1980
FIN,Finland,1981,0.18985556,FIN-1981
FIN,Finland,1982,0.001723524,FIN-1982
FIN,Finland,1983,0.16558299099999998,FIN-1983
FIN,Finland,1984,0.257309564,FIN-1984
FIN,Finland,1985,0.201221715,FIN-1985
FIN,Finland,1986,0.472459048,FIN-1986
FIN,Finland,1987,0.288871442,FIN-1987
FIN,Finland,1988,0.487375325,FIN-1988
FIN,Finland,1989,0.41168859999999996,FIN-1989
FIN,Finland,1990,0.573902156,FIN-1990
FIN,Finland,1991,-0.182146395,FIN-1991
FIN,Finland,1992,0.351936245,FIN-1992
FIN,Finland,1993,0.967473873,FIN-1993
FIN,Finland,1994,1.4476800769999998,FIN-1994
FIN,Finland,1995,0.778041152,FIN-1995
FIN,Finland,1996,0.8465164040000001,FIN-1996
FIN,Finland,1997,1.678189581,FIN-1997
FIN,Finland,1998,8.980847715,FIN-1998
FIN,Finland,1999,3.43807755,FIN-1999
FIN,Finland,2000,10.75309164,FIN-2000
FIN,Finland,2001,2.493015644,FIN-2001
FIN,Finland,2002,5.790621615,FIN-2002
FIN,Finland,2003,3.48601093,FIN-2003
FIN,Finland,2004,3.441250236,FIN-2004
FIN,Finland,2005,5.319918012,FIN-2005
FIN,Finland,2006,2.1387947240000003,FIN-2006
FIN,Finland,2007,8.608610241000001,FIN-2007
FIN,Finland,2008,6.838304827000001,FIN-2008
FIN,Finland,2009,-3.509562186,FIN-2009
FIN,Finland,2010,4.933997863,FIN-2010
FIN,Finland,2011,-2.195369292,FIN-2011
FIN,Finland,2012,1.9215890080000002,FIN-2012
FIN,Finland,2013,-1.830026322,FIN-2013
FIN,Finland,2014,6.32538914,FIN-2014
FIN,Finland,2015,7.245495286000001,FIN-2015
FIN,Finland,2016,1.887048708,FIN-2016
FIN,Finland,2017,4.307980898,FIN-2017
FRA,France,1970,0.418448076,FRA-1970
FRA,France,1971,0.316723878,FRA-1971
FRA,France,1972,0.322695756,FRA-1972
FRA,France,1973,0.425624843,FRA-1973
FRA,France,1974,0.646692012,FRA-1974
FRA,France,1975,0.433400884,FRA-1975
FRA,France,1976,0.26252292899999996,FRA-1976
FRA,France,1977,0.46216285100000004,FRA-1977
FRA,France,1978,0.487750171,FRA-1978
FRA,France,1979,0.421580946,FRA-1979
FRA,France,1980,0.468106015,FRA-1980
FRA,France,1981,0.401205879,FRA-1981
FRA,France,1982,0.271047895,FRA-1982
FRA,France,1983,0.308227517,FRA-1983
FRA,France,1984,0.451867818,FRA-1984
FRA,France,1985,0.469230253,FRA-1985
FRA,France,1986,0.42203425299999997,FRA-1986
FRA,France,1987,0.550188789,FRA-1987
FRA,France,1988,0.833285658,FRA-1988
FRA,France,1989,1.005053258,FRA-1989
FRA,France,1990,1.0387249490000001,FRA-1990
FRA,France,1991,1.193809085,FRA-1991
FRA,France,1992,1.5583326640000001,FRA-1992
FRA,France,1993,1.5689294740000002,FRA-1993
FRA,France,1994,1.1332367840000002,FRA-1994
FRA,France,1995,1.482504442,FRA-1995
FRA,France,1996,1.36838947,FRA-1996
FRA,France,1997,1.586355841,FRA-1997
FRA,France,1998,1.963825255,FRA-1998
FRA,France,1999,3.080892008,FRA-1999
FRA,France,2000,3.0377904069999997,FRA-2000
FRA,France,2001,3.64169108,FRA-2001
FRA,France,2002,3.446008033,FRA-2002
FRA,France,2003,2.299666939,FRA-2003
FRA,France,2004,1.6817359719999998,FRA-2004
FRA,France,2005,3.878609687,FRA-2005
FRA,France,2006,3.4048961039999996,FRA-2006
FRA,France,2007,3.152963433,FRA-2007
FRA,France,2008,2.330029924,FRA-2008
FRA,France,2009,0.683222197,FRA-2009
FRA,France,2010,1.472026946,FRA-2010
FRA,France,2011,1.544405384,FRA-2011
FRA,France,2012,1.2277421609999999,FRA-2012
FRA,France,2013,1.12374195,FRA-2013
FRA,France,2014,0.203690144,FRA-2014
FRA,France,2015,1.8014589,FRA-2015
FRA,France,2016,1.436341497,FRA-2016
FRA,France,2017,1.97280516,FRA-2017
GBR,United Kingdom,1970,1.138728591,GBR-1970
GBR,United Kingdom,1971,1.195852917,GBR-1971
GBR,United Kingdom,1972,0.71071276,GBR-1972
GBR,United Kingdom,1973,1.414127456,GBR-1973
GBR,United Kingdom,1974,2.121823274,GBR-1974
GBR,United Kingdom,1975,1.372676187,GBR-1975
GBR,United Kingdom,1976,1.292355806,GBR-1976
GBR,United Kingdom,1977,1.682672051,GBR-1977
GBR,United Kingdom,1978,1.127586247,GBR-1978
GBR,United Kingdom,1979,1.473705819,GBR-1979
GBR,United Kingdom,1980,1.791819689,GBR-1980
GBR,United Kingdom,1981,1.087231673,GBR-1981
GBR,United Kingdom,1982,1.05101857,GBR-1982
GBR,United Kingdom,1983,1.057718801,GBR-1983
GBR,United Kingdom,1984,-0.075261594,GBR-1984
GBR,United Kingdom,1985,1.11928039,GBR-1985
GBR,United Kingdom,1986,1.42482067,GBR-1986
GBR,United Kingdom,1987,2.136644398,GBR-1987
GBR,United Kingdom,1988,2.479611448,GBR-1988
GBR,United Kingdom,1989,3.414674955,GBR-1989
GBR,United Kingdom,1990,3.064819655,GBR-1990
GBR,United Kingdom,1991,1.439579006,GBR-1991
GBR,United Kingdom,1992,1.4037039759999999,GBR-1992
GBR,United Kingdom,1993,1.556280974,GBR-1993
GBR,United Kingdom,1994,0.94039405,GBR-1994
GBR,United Kingdom,1995,1.627558785,GBR-1995
GBR,United Kingdom,1996,1.944265396,GBR-1996
GBR,United Kingdom,1997,2.41581924,GBR-1997
GBR,United Kingdom,1998,4.5560644980000005,GBR-1998
GBR,United Kingdom,1999,5.3635770869999995,GBR-1999
GBR,United Kingdom,2000,9.959659462000001,GBR-2000
GBR,United Kingdom,2001,3.459178461,GBR-2001
GBR,United Kingdom,2002,5.075783918,GBR-2002
GBR,United Kingdom,2003,1.7666467330000002,GBR-2003
GBR,United Kingdom,2004,3.62966887,GBR-2004
GBR,United Kingdom,2005,10.02313702,GBR-2005
GBR,United Kingdom,2006,7.562782134,GBR-2006
GBR,United Kingdom,2007,6.814913579,GBR-2007
GBR,United Kingdom,2008,8.768326467,GBR-2008
GBR,United Kingdom,2009,0.610498145,GBR-2009
GBR,United Kingdom,2010,2.733707955,GBR-2010
GBR,United Kingdom,2011,1.031112185,GBR-2011
GBR,United Kingdom,2012,1.756171827,GBR-2012
GBR,United Kingdom,2013,1.988203664,GBR-2013
GBR,United Kingdom,2014,1.9481905519999998,GBR-2014
GBR,United Kingdom,2015,2.025615418,GBR-2015
GBR,United Kingdom,2016,10.02737042,GBR-2016
GBR,United Kingdom,2017,1.7778223419999999,GBR-2017
GRC,Greece,1970,0.380521486,GRC-1970
GRC,Greece,1971,0.287833767,GRC-1971
GRC,Greece,1972,0.325723122,GRC-1972
GRC,Greece,1973,0.277431676,GRC-1973
GRC,Greece,1974,0.26428619,GRC-1974
GRC,Greece,1975,0.084134149,GRC-1975
GRC,Greece,1976,0.97904395,GRC-1976
GRC,Greece,1977,1.06976312,GRC-1977
GRC,Greece,1978,0.966790232,GRC-1978
GRC,Greece,1979,1.125144814,GRC-1979
GRC,Greece,1980,1.1824810479999999,GRC-1980
GRC,Greece,1981,0.9933805059999999,GRC-1981
GRC,Greece,1982,0.798271759,GRC-1982
GRC,Greece,1983,0.8881448759999999,GRC-1983
GRC,Greece,1984,1.009995314,GRC-1984
GRC,Greece,1985,0.934738698,GRC-1985
GRC,Greece,1986,0.835408645,GRC-1986
GRC,Greece,1987,1.040321979,GRC-1987
GRC,Greece,1988,1.189332278,GRC-1988
GRC,Greece,1989,0.9498662170000001,GRC-1989
GRC,Greece,1990,1.0266511390000002,GRC-1990
GRC,Greece,1991,1.0794798429999999,GRC-1991
GRC,Greece,1992,0.9843004670000001,GRC-1992
GRC,Greece,1993,0.89790318,GRC-1993
GRC,Greece,1994,0.841324904,GRC-1994
GRC,Greece,1995,0.7692961490000001,GRC-1995
GRC,Greece,1996,0.7253450579999999,GRC-1996
GRC,Greece,1997,0.6873543559999999,GRC-1997
GRC,Greece,1998,,GRC-1998
GRC,Greece,1999,0.39799151,GRC-1999
GRC,Greece,2000,-0.006301205,GRC-2000
GRC,Greece,2001,0.001468522,GRC-2001
GRC,Greece,2002,0.022230787000000002,GRC-2002
GRC,Greece,2003,0.697028195,GRC-2003
GRC,Greece,2004,0.892831182,GRC-2004
GRC,Greece,2005,0.27845341100000004,GRC-2005
GRC,Greece,2006,1.979103017,GRC-2006
GRC,Greece,2007,0.614657039,GRC-2007
GRC,Greece,2008,1.617501485,GRC-2008
GRC,Greece,2009,0.83714687,GRC-2009
GRC,Greece,2010,0.17827580899999998,GRC-2010
GRC,Greece,2011,0.379464972,GRC-2011
GRC,Greece,2012,0.6770556679999999,GRC-2012
GRC,Greece,2013,1.227963495,GRC-2013
GRC,Greece,2014,1.137746769,GRC-2014
GRC,Greece,2015,0.648613958,GRC-2015
GRC,Greece,2016,1.58844378,GRC-2016
GRC,Greece,2017,2.007984815,GRC-2017
HUN,Hungary,1970,,HUN-1970
HUN,Hungary,1971,,HUN-1971
HUN,Hungary,1972,,HUN-1972
HUN,Hungary,1973,,HUN-1973
HUN,Hungary,1974,,HUN-1974
HUN,Hungary,1975,,HUN-1975
HUN,Hungary,1976,,HUN-1976
HUN,Hungary,1977,,HUN-1977
HUN,Hungary,1978,,HUN-1978
HUN,Hungary,1979,,HUN-1979
HUN,Hungary,1980,,HUN-1980
HUN,Hungary,1981,,HUN-1981
HUN,Hungary,1982,,HUN-1982
HUN,Hungary,1983,,HUN-1983
HUN,Hungary,1984,,HUN-1984
HUN,Hungary,1985,,HUN-1985
HUN,Hungary,1986,,HUN-1986
HUN,Hungary,1987,,HUN-1987
HUN,Hungary,1988,,HUN-1988
HUN,Hungary,1989,,HUN-1989
HUN,Hungary,1990,,HUN-1990
HUN,Hungary,1991,4.207781227,HUN-1991
HUN,Hungary,1992,3.819670705,HUN-1992
HUN,Hungary,1993,5.856852902999999,HUN-1993
HUN,Hungary,1994,2.65077265,HUN-1994
HUN,Hungary,1995,10.34955508,HUN-1995
HUN,Hungary,1996,7.0487586229999994,HUN-1996
HUN,Hungary,1997,8.785759156000001,HUN-1997
HUN,Hungary,1998,6.854560089,HUN-1998
HUN,Hungary,1999,6.726955202999999,HUN-1999
HUN,Hungary,2000,5.80781299,HUN-2000
HUN,Hungary,2001,7.541286488,HUN-2001
HUN,Hungary,2002,5.380383727000001,HUN-2002
HUN,Hungary,2003,4.872571389,HUN-2003
HUN,Hungary,2004,4.3607643110000005,HUN-2004
HUN,Hungary,2005,7.524515087999999,HUN-2005
HUN,Hungary,2006,16.20077863,HUN-2006
HUN,Hungary,2007,50.50475212,HUN-2007
HUN,Hungary,2008,47.47705642,HUN-2008
HUN,Hungary,2009,-2.272043822,HUN-2009
HUN,Hungary,2010,-15.98921955,HUN-2010
HUN,Hungary,2011,7.462726101,HUN-2011
HUN,Hungary,2012,8.305308382,HUN-2012
HUN,Hungary,2013,-2.789708086,HUN-2013
HUN,Hungary,2014,9.196772796,HUN-2014
HUN,Hungary,2015,-4.003136315,HUN-2015
HUN,Hungary,2016,55.48993078,HUN-2016
HUN,Hungary,2017,-10.66187777,HUN-2017
IRL,Ireland,1970,,IRL-1970
IRL,Ireland,1971,,IRL-1971
IRL,Ireland,1972,,IRL-1972
IRL,Ireland,1973,,IRL-1973
IRL,Ireland,1974,0.64755002,IRL-1974
IRL,Ireland,1975,1.665810107,IRL-1975
IRL,Ireland,1976,1.824426325,IRL-1976
IRL,Ireland,1977,1.209712215,IRL-1977
IRL,Ireland,1978,2.5587902209999998,IRL-1978
IRL,Ireland,1979,1.835639948,IRL-1979
IRL,Ireland,1980,1.3155701229999999,IRL-1980
IRL,Ireland,1981,0.983098765,IRL-1981
IRL,Ireland,1982,1.125605525,IRL-1982
IRL,Ireland,1983,0.81598198,IRL-1983
IRL,Ireland,1984,0.602870805,IRL-1984
IRL,Ireland,1985,0.768531663,IRL-1985
IRL,Ireland,1986,-0.140510057,IRL-1986
IRL,Ireland,1987,0.262772264,IRL-1987
IRL,Ireland,1988,0.24203928800000002,IRL-1988
IRL,Ireland,1989,0.216597837,IRL-1989
IRL,Ireland,1990,1.271016763,IRL-1990
IRL,Ireland,1991,2.7218598739999997,IRL-1991
IRL,Ireland,1992,2.575140309,IRL-1992
IRL,Ireland,1993,2.136354399,IRL-1993
IRL,Ireland,1994,1.466478621,IRL-1994
IRL,Ireland,1995,2.0896769490000002,IRL-1995
IRL,Ireland,1996,3.450087813,IRL-1996
IRL,Ireland,1997,3.3115932910000003,IRL-1997
IRL,Ireland,1998,12.24958446,IRL-1998
IRL,Ireland,1999,18.56563552,IRL-1999
IRL,Ireland,2000,25.53841926,IRL-2000
IRL,Ireland,2001,8.771371937,IRL-2001
IRL,Ireland,2002,23.03907725,IRL-2002
IRL,Ireland,2003,13.64141096,IRL-2003
IRL,Ireland,2004,-5.670920956000001,IRL-2004
IRL,Ireland,2005,22.21984164,IRL-2005
IRL,Ireland,2006,9.514137169,IRL-2006
IRL,Ireland,2007,22.20717377,IRL-2007
IRL,Ireland,2008,8.457043718,IRL-2008
IRL,Ireland,2009,22.82381583,IRL-2009
IRL,Ireland,2010,17.01437624,IRL-2010
IRL,Ireland,2011,9.900871612000001,IRL-2011
IRL,Ireland,2012,18.15902194,IRL-2012
IRL,Ireland,2013,20.86982428,IRL-2013
IRL,Ireland,2014,33.61718172,IRL-2014
IRL,Ireland,2015,80.98493304,IRL-2015
IRL,Ireland,2016,25.970608399999996,IRL-2016
IRL,Ireland,2017,15.43949884,IRL-2017
ISL,Iceland,1970,,ISL-1970
ISL,Iceland,1971,,ISL-1971
ISL,Iceland,1972,,ISL-1972
ISL,Iceland,1973,,ISL-1973
ISL,Iceland,1974,,ISL-1974
ISL,Iceland,1975,,ISL-1975
ISL,Iceland,1976,0.27359685899999997,ISL-1976
ISL,Iceland,1977,0.193033222,ISL-1977
ISL,Iceland,1978,0.327323694,ISL-1978
ISL,Iceland,1979,0.110274651,ISL-1979
ISL,Iceland,1980,0.6694033079999999,ISL-1980
ISL,Iceland,1981,1.540138084,ISL-1981
ISL,Iceland,1982,1.1332262709999998,ISL-1982
ISL,Iceland,1983,-0.8587237670000001,ISL-1983
ISL,Iceland,1984,0.485470258,ISL-1984
ISL,Iceland,1985,0.802763401,ISL-1985
ISL,Iceland,1986,0.216256463,ISL-1986
ISL,Iceland,1987,0.044129510999999996,ISL-1987
ISL,Iceland,1988,-0.246003732,ISL-1988
ISL,Iceland,1989,-0.490289669,ISL-1989
ISL,Iceland,1990,0.347484591,ISL-1990
ISL,Iceland,1991,0.27123378,ISL-1991
ISL,Iceland,1992,-0.18679484600000001,ISL-1992
ISL,Iceland,1993,0.003445842,ISL-1993
ISL,Iceland,1994,-0.021807322999999997,ISL-1994
ISL,Iceland,1995,-0.132683283,ISL-1995
ISL,Iceland,1996,1.137128223,ISL-1996
ISL,Iceland,1997,1.9581076530000001,ISL-1997
ISL,Iceland,1998,1.7714161240000001,ISL-1998
ISL,Iceland,1999,0.733425601,ISL-1999
ISL,Iceland,2000,1.738078785,ISL-2000
ISL,Iceland,2001,2.0088352869999997,ISL-2001
ISL,Iceland,2002,0.9981384459999999,ISL-2002
ISL,Iceland,2003,2.96343334,ISL-2003
ISL,Iceland,2004,5.504092937,ISL-2004
ISL,Iceland,2005,18.53447503,ISL-2005
ISL,Iceland,2006,22.73819649,ISL-2006
ISL,Iceland,2007,32.23352127,ISL-2007
ISL,Iceland,2008,6.816508674,ISL-2008
ISL,Iceland,2009,0.49125136799999997,ISL-2009
ISL,Iceland,2010,1.930669536,ISL-2010
ISL,Iceland,2011,7.513628111,ISL-2011
ISL,Iceland,2012,7.166045715,ISL-2012
ISL,Iceland,2013,3.039604914,ISL-2013
ISL,Iceland,2014,4.431195538,ISL-2014
ISL,Iceland,2015,6.7627831160000005,ISL-2015
ISL,Iceland,2016,-5.251584937,ISL-2016
ISL,Iceland,2017,-29.37459809,ISL-2017
ISR,Israel,1970,,ISR-1970
ISR,Israel,1971,,ISR-1971
ISR,Israel,1972,,ISR-1972
ISR,Israel,1973,,ISR-1973
ISR,Israel,1974,,ISR-1974
ISR,Israel,1975,,ISR-1975
ISR,Israel,1976,,ISR-1976
ISR,Israel,1977,,ISR-1977
ISR,Israel,1978,,ISR-1978
ISR,Israel,1979,,ISR-1979
ISR,Israel,1980,,ISR-1980
ISR,Israel,1981,,ISR-1981
ISR,Israel,1982,,ISR-1982
ISR,Israel,1983,,ISR-1983
ISR,Israel,1984,,ISR-1984
ISR,Israel,1985,,ISR-1985
ISR,Israel,1986,,ISR-1986
ISR,Israel,1987,,ISR-1987
ISR,Israel,1988,,ISR-1988
ISR,Israel,1989,,ISR-1989
ISR,Israel,1990,,ISR-1990
ISR,Israel,1991,,ISR-1991
ISR,Israel,1992,,ISR-1992
ISR,Israel,1993,,ISR-1993
ISR,Israel,1994,,ISR-1994
ISR,Israel,1995,1.345681359,ISR-1995
ISR,Israel,1996,1.2705838729999999,ISR-1996
ISR,Israel,1997,1.424102824,ISR-1997
ISR,Israel,1998,1.4980268380000001,ISR-1998
ISR,Israel,1999,3.5412601980000002,ISR-1999
ISR,Israel,2000,6.080959559,ISR-2000
ISR,Israel,2001,1.355177265,ISR-2001
ISR,Israel,2002,1.307101783,ISR-2002
ISR,Israel,2003,2.618532193,ISR-2003
ISR,Israel,2004,2.175716547,ISR-2004
ISR,Israel,2005,3.3822132889999996,ISR-2005
ISR,Israel,2006,9.349735869,ISR-2006
ISR,Israel,2007,4.923206083,ISR-2007
ISR,Israel,2008,4.760092253,ISR-2008
ISR,Israel,2009,2.221055823,ISR-2009
ISR,Israel,2010,2.989903809,ISR-2010
ISR,Israel,2011,3.3073607839999997,ISR-2011
ISR,Israel,2012,3.504632675,ISR-2012
ISR,Israel,2013,4.048765082,ISR-2013
ISR,Israel,2014,1.961273325,ISR-2014
ISR,Israel,2015,3.790181707,ISR-2015
ISR,Israel,2016,3.745929837,ISR-2016
ISR,Israel,2017,5.4024714110000005,ISR-2017
ITA,Italy,1970,0.5522500220000001,ITA-1970
ITA,Italy,1971,0.442629166,ITA-1971
ITA,Italy,1972,0.465438335,ITA-1972
ITA,Italy,1973,0.379588761,ITA-1973
ITA,Italy,1974,0.299885595,ITA-1974
ITA,Italy,1975,0.28434952199999997,ITA-1975
ITA,Italy,1976,0.048520409,ITA-1976
ITA,Italy,1977,0.439427709,ITA-1977
ITA,Italy,1978,0.151589209,ITA-1978
ITA,Italy,1979,0.10587857699999999,ITA-1979
ITA,Italy,1980,0.12121009199999999,ITA-1980
ITA,Italy,1981,0.262537621,ITA-1981
ITA,Italy,1982,0.144923413,ITA-1982
ITA,Italy,1983,0.269391612,ITA-1983
ITA,Italy,1984,0.302591867,ITA-1984
ITA,Italy,1985,0.23777143,ITA-1985
ITA,Italy,1986,-0.026909251000000002,ITA-1986
ITA,Italy,1987,0.519835885,ITA-1987
ITA,Italy,1988,0.7653513590000001,ITA-1988
ITA,Italy,1989,0.23398135899999997,ITA-1989
ITA,Italy,1990,0.544512212,ITA-1990
ITA,Italy,1991,0.193274924,ITA-1991
ITA,Italy,1992,0.235940449,ITA-1992
ITA,Italy,1993,0.353176586,ITA-1993
ITA,Italy,1994,0.20073007399999998,ITA-1994
ITA,Italy,1995,0.41354917399999996,ITA-1995
ITA,Italy,1996,0.270899349,ITA-1996
ITA,Italy,1997,0.298604159,ITA-1997
ITA,Italy,1998,0.20805391399999998,ITA-1998
ITA,Italy,1999,0.556068005,ITA-1999
ITA,Italy,2000,1.154043175,ITA-2000
ITA,Italy,2001,1.279676598,ITA-2001
ITA,Italy,2002,1.3594008880000001,ITA-2002
ITA,Italy,2003,1.245687658,ITA-2003
ITA,Italy,2004,1.116981883,ITA-2004
ITA,Italy,2005,1.985132053,ITA-2005
ITA,Italy,2006,2.9323541680000003,ITA-2006
ITA,Italy,2007,2.995266538,ITA-2007
ITA,Italy,2008,-0.39738153200000004,ITA-2008
ITA,Italy,2009,0.758499235,ITA-2009
ITA,Italy,2010,0.467633055,ITA-2010
ITA,Italy,2011,1.513143765,ITA-2011
ITA,Italy,2012,0.001679455,ITA-2012
ITA,Italy,2013,0.9167169279999999,ITA-2013
ITA,Italy,2014,0.79136233,ITA-2014
ITA,Italy,2015,0.7255885479999999,ITA-2015
ITA,Italy,2016,1.056043417,ITA-2016
ITA,Italy,2017,1.025329662,ITA-2017
JPN,Japan,1970,,JPN-1970
JPN,Japan,1971,,JPN-1971
JPN,Japan,1972,,JPN-1972
JPN,Japan,1973,,JPN-1973
JPN,Japan,1974,,JPN-1974
JPN,Japan,1975,,JPN-1975
JPN,Japan,1976,,JPN-1976
JPN,Japan,1977,0.002772342,JPN-1977
JPN,Japan,1978,0.000986571,JPN-1978
JPN,Japan,1979,0.022748554,JPN-1979
JPN,Japan,1980,0.025330519,JPN-1980
JPN,Japan,1981,0.015586688000000001,JPN-1981
JPN,Japan,1982,0.03878299,JPN-1982
JPN,Japan,1983,0.03297613,JPN-1983
JPN,Japan,1984,-0.000758506,JPN-1984
JPN,Japan,1985,0.045587181,JPN-1985
JPN,Japan,1986,0.010882148999999999,JPN-1986
JPN,Japan,1987,0.045846772,JPN-1987
JPN,Japan,1988,-0.015683288,JPN-1988
JPN,Japan,1989,-0.033980651,JPN-1989
JPN,Japan,1990,0.056733631,JPN-1990
JPN,Japan,1991,0.035869683,JPN-1991
JPN,Japan,1992,0.070609166,JPN-1992
JPN,Japan,1993,0.0026649,JPN-1993
JPN,Japan,1994,0.018579217,JPN-1994
JPN,Japan,1995,0.000721805,JPN-1995
JPN,Japan,1996,0.004295694,JPN-1996
JPN,Japan,1997,0.072486306,JPN-1997
JPN,Japan,1998,0.081043954,JPN-1998
JPN,Japan,1999,0.269797913,JPN-1999
JPN,Japan,2000,0.21868287100000003,JPN-2000
JPN,Japan,2001,0.114464574,JPN-2001
JPN,Japan,2002,0.28085169600000004,JPN-2002
JPN,Japan,2003,0.197305674,JPN-2003
JPN,Japan,2004,0.156338846,JPN-2004
JPN,Japan,2005,0.11480855699999999,JPN-2005
JPN,Japan,2006,-0.052907509000000005,JPN-2006
JPN,Japan,2007,0.47906837700000005,JPN-2007
JPN,Japan,2008,0.488791043,JPN-2008
JPN,Japan,2009,0.233713959,JPN-2009
JPN,Japan,2010,0.130541249,JPN-2010
JPN,Japan,2011,-0.013816038999999999,JPN-2011
JPN,Japan,2012,0.008817409,JPN-2012
JPN,Japan,2013,0.206536579,JPN-2013
JPN,Japan,2014,0.407228152,JPN-2014
JPN,Japan,2015,0.119505006,JPN-2015
JPN,Japan,2016,0.794528059,JPN-2016
JPN,Japan,2017,0.386637821,JPN-2017
KOR,"Korea, Rep.",1970,,KOR-1970
KOR,"Korea, Rep.",1971,,KOR-1971
KOR,"Korea, Rep.",1972,,KOR-1972
KOR,"Korea, Rep.",1973,,KOR-1973
KOR,"Korea, Rep.",1974,,KOR-1974
KOR,"Korea, Rep.",1975,,KOR-1975
KOR,"Korea, Rep.",1976,0.272000666,KOR-1976
KOR,"Korea, Rep.",1977,0.245654768,KOR-1977
KOR,"Korea, Rep.",1978,0.172144938,KOR-1978
KOR,"Korea, Rep.",1979,0.052577835,KOR-1979
KOR,"Korea, Rep.",1980,0.009233494,KOR-1980
KOR,"Korea, Rep.",1981,0.140834198,KOR-1981
KOR,"Korea, Rep.",1982,0.088719244,KOR-1982
KOR,"Korea, Rep.",1983,0.07871353099999999,KOR-1983
KOR,"Korea, Rep.",1984,0.114081705,KOR-1984
KOR,"Korea, Rep.",1985,0.232864055,KOR-1985
KOR,"Korea, Rep.",1986,0.397794211,KOR-1986
KOR,"Korea, Rep.",1987,0.421738125,KOR-1987
KOR,"Korea, Rep.",1988,0.51486515,KOR-1988
KOR,"Korea, Rep.",1989,0.45900634100000004,KOR-1989
KOR,"Korea, Rep.",1990,0.282263046,KOR-1990
KOR,"Korea, Rep.",1991,0.36219711600000004,KOR-1991
KOR,"Korea, Rep.",1992,0.20805533199999998,KOR-1992
KOR,"Korea, Rep.",1993,0.152238073,KOR-1993
KOR,"Korea, Rep.",1994,0.177566888,KOR-1994
KOR,"Korea, Rep.",1995,0.319313297,KOR-1995
KOR,"Korea, Rep.",1996,0.388798462,KOR-1996
KOR,"Korea, Rep.",1997,0.51016759,KOR-1997
KOR,"Korea, Rep.",1998,1.4462057640000001,KOR-1998
KOR,"Korea, Rep.",1999,1.923427936,KOR-1999
KOR,"Korea, Rep.",2000,2.049273711,KOR-2000
KOR,"Korea, Rep.",2001,1.223576512,KOR-2001
KOR,"Korea, Rep.",2002,0.899001594,KOR-2002
KOR,"Korea, Rep.",2003,1.030093538,KOR-2003
KOR,"Korea, Rep.",2004,1.738101244,KOR-2004
KOR,"Korea, Rep.",2005,1.519055227,KOR-2005
KOR,"Korea, Rep.",2006,0.9055073159999999,KOR-2006
KOR,"Korea, Rep.",2007,0.786235316,KOR-2007
KOR,"Korea, Rep.",2008,1.116272931,KOR-2008
KOR,"Korea, Rep.",2009,1.000282777,KOR-2009
KOR,"Korea, Rep.",2010,0.867739218,KOR-2010
KOR,"Korea, Rep.",2011,0.812748039,KOR-2011
KOR,"Korea, Rep.",2012,0.776565541,KOR-2012
KOR,"Korea, Rep.",2013,0.977830215,KOR-2013
KOR,"Korea, Rep.",2014,0.657080499,KOR-2014
KOR,"Korea, Rep.",2015,0.29680407600000003,KOR-2015
KOR,"Korea, Rep.",2016,0.855545973,KOR-2016
KOR,"Korea, Rep.",2017,1.114015333,KOR-2017
LUX,Luxembourg,1970,,LUX-1970
LUX,Luxembourg,1971,,LUX-1971
LUX,Luxembourg,1972,,LUX-1972
LUX,Luxembourg,1973,,LUX-1973
LUX,Luxembourg,1974,,LUX-1974
LUX,Luxembourg,1975,,LUX-1975
LUX,Luxembourg,1976,,LUX-1976
LUX,Luxembourg,1977,,LUX-1977
LUX,Luxembourg,1978,,LUX-1978
LUX,Luxembourg,1979,,LUX-1979
LUX,Luxembourg,1980,,LUX-1980
LUX,Luxembourg,1981,,LUX-1981
LUX,Luxembourg,1982,,LUX-1982
LUX,Luxembourg,1983,,LUX-1983
LUX,Luxembourg,1984,,LUX-1984
LUX,Luxembourg,1985,,LUX-1985
LUX,Luxembourg,1986,,LUX-1986
LUX,Luxembourg,1987,,LUX-1987
LUX,Luxembourg,1988,,LUX-1988
LUX,Luxembourg,1989,,LUX-1989
LUX,Luxembourg,1990,,LUX-1990
LUX,Luxembourg,1991,,LUX-1991
LUX,Luxembourg,1992,,LUX-1992
LUX,Luxembourg,1993,,LUX-1993
LUX,Luxembourg,1994,,LUX-1994
LUX,Luxembourg,1995,,LUX-1995
LUX,Luxembourg,1996,,LUX-1996
LUX,Luxembourg,1997,,LUX-1997
LUX,Luxembourg,1998,,LUX-1998
LUX,Luxembourg,1999,,LUX-1999
LUX,Luxembourg,2000,,LUX-2000
LUX,Luxembourg,2001,,LUX-2001
LUX,Luxembourg,2002,17.96712096,LUX-2002
LUX,Luxembourg,2003,14.51790944,LUX-2003
LUX,Luxembourg,2004,14.93326034,LUX-2004
LUX,Luxembourg,2005,12.43666267,LUX-2005
LUX,Luxembourg,2006,75.96383407,LUX-2006
LUX,Luxembourg,2007,-58.32288048,LUX-2007
LUX,Luxembourg,2008,12.74333532,LUX-2008
LUX,Luxembourg,2009,53.05599775,LUX-2009
LUX,Luxembourg,2010,73.53262074,LUX-2010
LUX,Luxembourg,2011,14.73745723,LUX-2011
LUX,Luxembourg,2012,252.30810730000005,LUX-2012
LUX,Luxembourg,2013,16.97650882,LUX-2013
LUX,Luxembourg,2014,-15.88223131,LUX-2014
LUX,Luxembourg,2015,27.68996365,LUX-2015
LUX,Luxembourg,2016,45.80719854,LUX-2016
LUX,Luxembourg,2017,,LUX-2017
LVA,Latvia,1970,,LVA-1970
LVA,Latvia,1971,,LVA-1971
LVA,Latvia,1972,,LVA-1972
LVA,Latvia,1973,,LVA-1973
LVA,Latvia,1974,,LVA-1974
LVA,Latvia,1975,,LVA-1975
LVA,Latvia,1976,,LVA-1976
LVA,Latvia,1977,,LVA-1977
LVA,Latvia,1978,,LVA-1978
LVA,Latvia,1979,,LVA-1979
LVA,Latvia,1980,,LVA-1980
LVA,Latvia,1981,,LVA-1981
LVA,Latvia,1982,,LVA-1982
LVA,Latvia,1983,,LVA-1983
LVA,Latvia,1984,,LVA-1984
LVA,Latvia,1985,,LVA-1985
LVA,Latvia,1986,,LVA-1986
LVA,Latvia,1987,,LVA-1987
LVA,Latvia,1988,,LVA-1988
LVA,Latvia,1989,,LVA-1989
LVA,Latvia,1990,,LVA-1990
LVA,Latvia,1991,,LVA-1991
LVA,Latvia,1992,,LVA-1992
LVA,Latvia,1993,,LVA-1993
LVA,Latvia,1994,,LVA-1994
LVA,Latvia,1995,3.103085086,LVA-1995
LVA,Latvia,1996,6.393486504,LVA-1996
LVA,Latvia,1997,7.984659044,LVA-1997
LVA,Latvia,1998,4.974226353,LVA-1998
LVA,Latvia,1999,4.614248552,LVA-1999
LVA,Latvia,2000,4.084622813999999,LVA-2000
LVA,Latvia,2001,2.077607756,LVA-2001
LVA,Latvia,2002,1.675797086,LVA-2002
LVA,Latvia,2003,2.692573213,LVA-2003
LVA,Latvia,2004,4.111913334,LVA-2004
LVA,Latvia,2005,4.788929857,LVA-2005
LVA,Latvia,2006,7.949722828,LVA-2006
LVA,Latvia,2007,8.781932565,LVA-2007
LVA,Latvia,2008,4.024856371,LVA-2008
LVA,Latvia,2009,-0.12377379699999999,LVA-2009
LVA,Latvia,2010,1.83308293,LVA-2010
LVA,Latvia,2011,5.316447899,LVA-2011
LVA,Latvia,2012,3.8359266000000005,LVA-2012
LVA,Latvia,2013,3.2705794089999998,LVA-2013
LVA,Latvia,2014,2.999291448,LVA-2014
LVA,Latvia,2015,3.109153555,LVA-2015
LVA,Latvia,2016,0.883172032,LVA-2016
LVA,Latvia,2017,3.759094658,LVA-2017
MEX,Mexico,1970,0.8786796170000001,MEX-1970
MEX,Mexico,1971,0.783163265,MEX-1971
MEX,Mexico,1972,0.39465708,MEX-1972
MEX,Mexico,1973,0.826700434,MEX-1973
MEX,Mexico,1974,0.706605556,MEX-1974
MEX,Mexico,1975,0.520921591,MEX-1975
MEX,Mexico,1976,0.821615274,MEX-1976
MEX,Mexico,1977,0.39981099,MEX-1977
MEX,Mexico,1978,0.6421102439999999,MEX-1978
MEX,Mexico,1979,0.98988266,MEX-1979
MEX,Mexico,1980,1.075391499,MEX-1980
MEX,Mexico,1981,1.230798107,MEX-1981
MEX,Mexico,1982,1.094268218,MEX-1982
MEX,Mexico,1983,1.472449242,MEX-1983
MEX,Mexico,1984,0.877973601,MEX-1984
MEX,Mexico,1985,1.075498723,MEX-1985
MEX,Mexico,1986,1.572917466,MEX-1986
MEX,Mexico,1987,0.8441262009999999,MEX-1987
MEX,Mexico,1988,1.098042085,MEX-1988
MEX,Mexico,1989,1.249007485,MEX-1989
MEX,Mexico,1990,0.9702715940000001,MEX-1990
MEX,Mexico,1991,1.508010637,MEX-1991
MEX,Mexico,1992,1.208165371,MEX-1992
MEX,Mexico,1993,0.876509663,MEX-1993
MEX,Mexico,1994,2.078860325,MEX-1994
MEX,Mexico,1995,2.645648506,MEX-1995
MEX,Mexico,1996,2.235071889,MEX-1996
MEX,Mexico,1997,2.563839791,MEX-1997
MEX,Mexico,1998,2.422927439,MEX-1998
MEX,Mexico,1999,2.312522904,MEX-1999
MEX,Mexico,2000,2.596709943,MEX-2000
MEX,Mexico,2001,3.9724818330000002,MEX-2001
MEX,Mexico,2002,3.11551958,MEX-2002
MEX,Mexico,2003,2.498643439,MEX-2003
MEX,Mexico,2004,3.185216164,MEX-2004
MEX,Mexico,2005,2.965112808,MEX-2005
MEX,Mexico,2006,2.118454942,MEX-2006
MEX,Mexico,2007,3.141461732,MEX-2007
MEX,Mexico,2008,2.899828358,MEX-2008
MEX,Mexico,2009,2.161535783,MEX-2009
MEX,Mexico,2010,1.984292383,MEX-2010
MEX,Mexico,2011,2.0601967269999997,MEX-2011
MEX,Mexico,2012,1.462869004,MEX-2012
MEX,Mexico,2013,3.7058495000000002,MEX-2013
MEX,Mexico,2014,2.304259062,MEX-2014
MEX,Mexico,2015,3.1222500739999997,MEX-2015
MEX,Mexico,2016,3.229203891,MEX-2016
MEX,Mexico,2017,2.75897049,MEX-2017
NLD,Netherlands,1970,1.678971917,NLD-1970
NLD,Netherlands,1971,1.710736174,NLD-1971
NLD,Netherlands,1972,1.3971054719999998,NLD-1972
NLD,Netherlands,1973,1.5777386340000001,NLD-1973
NLD,Netherlands,1974,1.28075627,NLD-1974
NLD,Netherlands,1975,1.2452024309999998,NLD-1975
NLD,Netherlands,1976,0.53917525,NLD-1976
NLD,Netherlands,1977,0.482709215,NLD-1977
NLD,Netherlands,1978,0.7032834020000001,NLD-1978
NLD,Netherlands,1979,0.966958542,NLD-1979
NLD,Netherlands,1980,1.18258158,NLD-1980
NLD,Netherlands,1981,1.110259997,NLD-1981
NLD,Netherlands,1982,0.78455942,NLD-1982
NLD,Netherlands,1983,0.896443606,NLD-1983
NLD,Netherlands,1984,1.208465441,NLD-1984
NLD,Netherlands,1985,1.059521996,NLD-1985
NLD,Netherlands,1986,1.577958648,NLD-1986
NLD,Netherlands,1987,1.2520884190000001,NLD-1987
NLD,Netherlands,1988,1.8491683419999998,NLD-1988
NLD,Netherlands,1989,3.356071028,NLD-1989
NLD,Netherlands,1990,3.3969927010000003,NLD-1990
NLD,Netherlands,1991,1.7393949180000001,NLD-1991
NLD,Netherlands,1992,1.726484205,NLD-1992
NLD,Netherlands,1993,1.8279692719999998,NLD-1993
NLD,Netherlands,1994,1.904001742,NLD-1994
NLD,Netherlands,1995,2.733567513,NLD-1995
NLD,Netherlands,1996,3.72542072,NLD-1996
NLD,Netherlands,1997,2.676707349,NLD-1997
NLD,Netherlands,1998,8.698491611,NLD-1998
NLD,Netherlands,1999,9.314492818,NLD-1999
NLD,Netherlands,2000,15.29013855,NLD-2000
NLD,Netherlands,2001,12.18538289,NLD-2001
NLD,Netherlands,2002,5.4703159260000005,NLD-2002
NLD,Netherlands,2003,3.574411352,NLD-2003
NLD,Netherlands,2004,21.49292028,NLD-2004
NLD,Netherlands,2005,30.94628867,NLD-2005
NLD,Netherlands,2006,51.62545892,NLD-2006
NLD,Netherlands,2007,87.44259299,NLD-2007
NLD,Netherlands,2008,20.84878253,NLD-2008
NLD,Netherlands,2009,11.18168466,NLD-2009
NLD,Netherlands,2010,13.836826,NLD-2010
NLD,Netherlands,2011,37.12847622,NLD-2011
NLD,Netherlands,2012,28.92283586,NLD-2012
NLD,Netherlands,2013,37.9244573,NLD-2013
NLD,Netherlands,2014,13.367463399999998,NLD-2014
NLD,Netherlands,2015,19.42724728,NLD-2015
NLD,Netherlands,2016,23.899453100000002,NLD-2016
NLD,Netherlands,2017,38.11929811,NLD-2017
NOR,Norway,1970,0.49944892399999996,NOR-1970
NOR,Norway,1971,0.644581086,NOR-1971
NOR,Norway,1972,0.6970603870000001,NOR-1972
NOR,Norway,1973,0.92747691,NOR-1973
NOR,Norway,1974,1.274603635,NOR-1974
NOR,Norway,1975,0.66816294,NOR-1975
NOR,Norway,1976,1.033299414,NOR-1976
NOR,Norway,1977,1.850958,NOR-1977
NOR,Norway,1978,1.052840981,NOR-1978
NOR,Norway,1979,0.755391158,NOR-1979
NOR,Norway,1980,0.092825218,NOR-1980
NOR,Norway,1981,1.056399627,NOR-1981
NOR,Norway,1982,0.705561471,NOR-1982
NOR,Norway,1983,0.532762364,NOR-1983
NOR,Norway,1984,-0.290782174,NOR-1984
NOR,Norway,1985,-0.651922724,NOR-1985
NOR,Norway,1986,1.292826418,NOR-1986
NOR,Norway,1987,0.19820069,NOR-1987
NOR,Norway,1988,0.274127153,NOR-1988
NOR,Norway,1989,1.4803466140000001,NOR-1989
NOR,Norway,1990,0.837393576,NOR-1990
NOR,Norway,1991,-0.326247594,NOR-1991
NOR,Norway,1992,-0.510642626,NOR-1992
NOR,Norway,1993,0.822301973,NOR-1993
NOR,Norway,1994,2.1524128609999997,NOR-1994
NOR,Norway,1995,1.57390506,NOR-1995
NOR,Norway,1996,1.94414761,NOR-1996
NOR,Norway,1997,2.408395643,NOR-1997
NOR,Norway,1998,2.8241506419999998,NOR-1998
NOR,Norway,1999,4.175309947,NOR-1999
NOR,Norway,2000,4.863573569,NOR-2000
NOR,Norway,2001,1.833423293,NOR-2001
NOR,Norway,2002,1.541182276,NOR-2002
NOR,Norway,2003,1.8270320919999998,NOR-2003
NOR,Norway,2004,1.86054683,NOR-2004
NOR,Norway,2005,3.258192557,NOR-2005
NOR,Norway,2006,3.438643796,NOR-2006
NOR,Norway,2007,6.184783334,NOR-2007
NOR,Norway,2008,4.448821205,NOR-2008
NOR,Norway,2009,2.233642336,NOR-2009
NOR,Norway,2010,5.0414134719999995,NOR-2010
NOR,Norway,2011,2.064088146,NOR-2011
NOR,Norway,2012,5.371284448,NOR-2012
NOR,Norway,2013,-0.047696792,NOR-2013
NOR,Norway,2014,0.656829684,NOR-2014
NOR,Norway,2015,1.76462454,NOR-2015
NOR,Norway,2016,-5.023807928,NOR-2016
NOR,Norway,2017,-1.235853494,NOR-2017
NZL,New Zealand,1970,2.204263515,NZL-1970
NZL,New Zealand,1971,1.363590844,NZL-1971
NZL,New Zealand,1972,1.290117814,NZL-1972
NZL,New Zealand,1973,1.5942633640000001,NZL-1973
NZL,New Zealand,1974,1.7883474780000002,NZL-1974
NZL,New Zealand,1975,1.063235152,NZL-1975
NZL,New Zealand,1976,2.039596548,NZL-1976
NZL,New Zealand,1977,0.997524291,NZL-1977
NZL,New Zealand,1978,1.470593746,NZL-1978
NZL,New Zealand,1979,1.703201254,NZL-1979
NZL,New Zealand,1980,0.7699366679999999,NZL-1980
NZL,New Zealand,1981,1.136242665,NZL-1981
NZL,New Zealand,1982,1.345719388,NZL-1982
NZL,New Zealand,1983,0.714490671,NZL-1983
NZL,New Zealand,1984,5.765320644,NZL-1984
NZL,New Zealand,1985,5.0720498130000005,NZL-1985
NZL,New Zealand,1986,3.965777578,NZL-1986
NZL,New Zealand,1987,3.1833681539999996,NZL-1987
NZL,New Zealand,1988,3.775072867,NZL-1988
NZL,New Zealand,1989,3.6836421039999996,NZL-1989
NZL,New Zealand,1990,3.811784696,NZL-1990
NZL,New Zealand,1991,3.0166468010000003,NZL-1991
NZL,New Zealand,1992,4.6453336389999995,NZL-1992
NZL,New Zealand,1993,5.129175547,NZL-1993
NZL,New Zealand,1994,4.525715857,NZL-1994
NZL,New Zealand,1995,5.188594352,NZL-1995
NZL,New Zealand,1996,3.332785013,NZL-1996
NZL,New Zealand,1997,3.733029036,NZL-1997
NZL,New Zealand,1998,2.281837218,NZL-1998
NZL,New Zealand,1999,1.949736074,NZL-1999
NZL,New Zealand,2000,-2.865318466,NZL-2000
NZL,New Zealand,2001,0.48136235299999997,NZL-2001
NZL,New Zealand,2002,4.275332532,NZL-2002
NZL,New Zealand,2003,-3.811793238,NZL-2003
NZL,New Zealand,2004,2.232644837,NZL-2004
NZL,New Zealand,2005,1.662035578,NZL-2005
NZL,New Zealand,2006,2.609690732,NZL-2006
NZL,New Zealand,2007,3.157318389,NZL-2007
NZL,New Zealand,2008,1.944757481,NZL-2008
NZL,New Zealand,2009,-0.043173008,NZL-2009
NZL,New Zealand,2010,0.19531956600000003,NZL-2010
NZL,New Zealand,2011,0.81823256,NZL-2011
NZL,New Zealand,2012,2.183336736,NZL-2012
NZL,New Zealand,2013,-0.03643885,NZL-2013
NZL,New Zealand,2014,1.6168064359999998,NZL-2014
NZL,New Zealand,2015,-0.00552175,NZL-2015
NZL,New Zealand,2016,1.0222051429999999,NZL-2016
NZL,New Zealand,2017,1.625763736,NZL-2017
POL,Poland,1970,,POL-1970
POL,Poland,1971,,POL-1971
POL,Poland,1972,,POL-1972
POL,Poland,1973,,POL-1973
POL,Poland,1974,,POL-1974
POL,Poland,1975,,POL-1975
POL,Poland,1976,,POL-1976
POL,Poland,1977,,POL-1977
POL,Poland,1978,,POL-1978
POL,Poland,1979,,POL-1979
POL,Poland,1980,,POL-1980
POL,Poland,1981,,POL-1981
POL,Poland,1982,,POL-1982
POL,Poland,1983,,POL-1983
POL,Poland,1984,,POL-1984
POL,Poland,1985,,POL-1985
POL,Poland,1986,,POL-1986
POL,Poland,1987,,POL-1987
POL,Poland,1988,,POL-1988
POL,Poland,1989,,POL-1989
POL,Poland,1990,0.134893962,POL-1990
POL,Poland,1991,0.34034715200000004,POL-1991
POL,Poland,1992,0.718699594,POL-1992
POL,Poland,1993,1.7856093309999999,POL-1993
POL,Poland,1994,1.69218647,POL-1994
POL,Poland,1995,2.5742711419999997,POL-1995
POL,Poland,1996,2.8122539669999997,POL-1996
POL,Poland,1997,3.084507211,POL-1997
POL,Poland,1998,3.649901414,POL-1998
POL,Poland,1999,4.283584415,POL-1999
POL,Poland,2000,5.4309378310000005,POL-2000
POL,Poland,2001,2.979719901,POL-2001
POL,Poland,2002,2.05908339,POL-2002
POL,Poland,2003,2.469277139,POL-2003
POL,Poland,2004,5.436251482,POL-2004
POL,Poland,2005,3.606694563,POL-2005
POL,Poland,2006,6.228595881,POL-2006
POL,Poland,2007,5.833867734,POL-2007
POL,Poland,2008,2.730155287,POL-2008
POL,Poland,2009,3.1889773630000002,POL-2009
POL,Poland,2010,3.837716755,POL-2010
POL,Poland,2011,3.495437777,POL-2011
POL,Poland,2012,1.47053881,POL-2012
POL,Poland,2013,0.151649742,POL-2013
POL,Poland,2014,3.627428567,POL-2014
POL,Poland,2015,3.1559280860000003,POL-2015
POL,Poland,2016,3.554940658,POL-2016
POL,Poland,2017,1.195021104,POL-2017
PRT,Portugal,1970,0.356392689,PRT-1970
PRT,Portugal,1971,0.6085294729999999,PRT-1971
PRT,Portugal,1972,0.6494533,PRT-1972
PRT,Portugal,1973,0.629470386,PRT-1973
PRT,Portugal,1974,0.605226229,PRT-1974
PRT,Portugal,1975,0.596145706,PRT-1975
PRT,Portugal,1976,0.309808757,PRT-1976
PRT,Portugal,1977,0.270104201,PRT-1977
PRT,Portugal,1978,0.280944184,PRT-1978
PRT,Portugal,1979,0.294094868,PRT-1979
PRT,Portugal,1980,0.477057406,PRT-1980
PRT,Portugal,1981,0.545604365,PRT-1981
PRT,Portugal,1982,0.471763738,PRT-1982
PRT,Portugal,1983,0.5390063429999999,PRT-1983
PRT,Portugal,1984,0.785955347,PRT-1984
PRT,Portugal,1985,1.010514394,PRT-1985
PRT,Portugal,1986,0.614588292,PRT-1986
PRT,Portugal,1987,0.966780202,PRT-1987
PRT,Portugal,1988,1.6353818740000001,PRT-1988
PRT,Portugal,1989,2.86615474,PRT-1989
PRT,Portugal,1990,3.315463827,PRT-1990
PRT,Portugal,1991,2.743600125,PRT-1991
PRT,Portugal,1992,1.7410610930000001,PRT-1992
PRT,Portugal,1993,1.614286488,PRT-1993
PRT,Portugal,1994,1.273555341,PRT-1994
PRT,Portugal,1995,0.579489676,PRT-1995
PRT,Portugal,1996,1.098373889,PRT-1996
PRT,Portugal,1997,2.0134011430000003,PRT-1997
PRT,Portugal,1998,2.423189015,PRT-1998
PRT,Portugal,1999,0.915987565,PRT-1999
PRT,Portugal,2000,6.162014712,PRT-2000
PRT,Portugal,2001,5.033016442,PRT-2001
PRT,Portugal,2002,0.443836368,PRT-2002
PRT,Portugal,2003,6.26550497,PRT-2003
PRT,Portugal,2004,1.3198403859999999,PRT-2004
PRT,Portugal,2005,2.244709965,PRT-2005
PRT,Portugal,2006,6.328223238,PRT-2006
PRT,Portugal,2007,2.5091380130000003,PRT-2007
PRT,Portugal,2008,2.985171797,PRT-2008
PRT,Portugal,2009,2.288819188,PRT-2009
PRT,Portugal,2010,3.54832691,PRT-2010
PRT,Portugal,2011,4.00893304,PRT-2011
PRT,Portugal,2012,10.15704951,PRT-2012
PRT,Portugal,2013,4.779368877,PRT-2013
PRT,Portugal,2014,5.743441241,PRT-2014
PRT,Portugal,2015,1.2568973890000001,PRT-2015
PRT,Portugal,2016,4.592150881,PRT-2016
PRT,Portugal,2017,4.606751516,PRT-2017
SVK,Slovak Republic,1970,,SVK-1970
SVK,Slovak Republic,1971,,SVK-1971
SVK,Slovak Republic,1972,,SVK-1972
SVK,Slovak Republic,1973,,SVK-1973
SVK,Slovak Republic,1974,,SVK-1974
SVK,Slovak Republic,1975,,SVK-1975
SVK,Slovak Republic,1976,,SVK-1976
SVK,Slovak Republic,1977,,SVK-1977
SVK,Slovak Republic,1978,,SVK-1978
SVK,Slovak Republic,1979,,SVK-1979
SVK,Slovak Republic,1980,,SVK-1980
SVK,Slovak Republic,1981,,SVK-1981
SVK,Slovak Republic,1982,,SVK-1982
SVK,Slovak Republic,1983,,SVK-1983
SVK,Slovak Republic,1984,,SVK-1984
SVK,Slovak Republic,1985,,SVK-1985
SVK,Slovak Republic,1986,,SVK-1986
SVK,Slovak Republic,1987,,SVK-1987
SVK,Slovak Republic,1988,,SVK-1988
SVK,Slovak Republic,1989,,SVK-1989
SVK,Slovak Republic,1990,,SVK-1990
SVK,Slovak Republic,1991,,SVK-1991
SVK,Slovak Republic,1992,,SVK-1992
SVK,Slovak Republic,1993,1.208557206,SVK-1993
SVK,Slovak Republic,1994,1.344055375,SVK-1994
SVK,Slovak Republic,1995,0.9176255520000001,SVK-1995
SVK,Slovak Republic,1996,1.260970911,SVK-1996
SVK,Slovak Republic,1997,0.628143689,SVK-1997
SVK,Slovak Republic,1998,1.884520051,SVK-1998
SVK,Slovak Republic,1999,1.164904095,SVK-1999
SVK,Slovak Republic,2000,7.498294564,SVK-2000
SVK,Slovak Republic,2001,4.991639843,SVK-2001
SVK,Slovak Republic,2002,12.00685359,SVK-2002
SVK,Slovak Republic,2003,2.073965037,SVK-2003
SVK,Slovak Republic,2004,7.094384561,SVK-2004
SVK,Slovak Republic,2005,6.259706525,SVK-2005
SVK,Slovak Republic,2006,8.068986332,SVK-2006
SVK,Slovak Republic,2007,5.862432149,SVK-2007
SVK,Slovak Republic,2008,4.62687859,SVK-2008
SVK,Slovak Republic,2009,1.7078538030000001,SVK-2009
SVK,Slovak Republic,2010,2.365847361,SVK-2010
SVK,Slovak Republic,2011,5.527148518,SVK-2011
SVK,Slovak Republic,2012,1.90202119,SVK-2012
SVK,Slovak Republic,2013,1.019320811,SVK-2013
SVK,Slovak Republic,2014,-0.359042208,SVK-2014
SVK,Slovak Republic,2015,1.7368964519999999,SVK-2015
SVK,Slovak Republic,2016,3.952910865,SVK-2016
SVK,Slovak Republic,2017,6.183239827,SVK-2017
SVN,Slovenia,1970,,SVN-1970
SVN,Slovenia,1971,,SVN-1971
SVN,Slovenia,1972,,SVN-1972
SVN,Slovenia,1973,,SVN-1973
SVN,Slovenia,1974,,SVN-1974
SVN,Slovenia,1975,,SVN-1975
SVN,Slovenia,1976,,SVN-1976
SVN,Slovenia,1977,,SVN-1977
SVN,Slovenia,1978,,SVN-1978
SVN,Slovenia,1979,,SVN-1979
SVN,Slovenia,1980,,SVN-1980
SVN,Slovenia,1981,,SVN-1981
SVN,Slovenia,1982,,SVN-1982
SVN,Slovenia,1983,,SVN-1983
SVN,Slovenia,1984,,SVN-1984
SVN,Slovenia,1985,,SVN-1985
SVN,Slovenia,1986,,SVN-1986
SVN,Slovenia,1987,,SVN-1987
SVN,Slovenia,1988,,SVN-1988
SVN,Slovenia,1989,,SVN-1989
SVN,Slovenia,1990,,SVN-1990
SVN,Slovenia,1991,,SVN-1991
SVN,Slovenia,1992,,SVN-1992
SVN,Slovenia,1993,,SVN-1993
SVN,Slovenia,1994,,SVN-1994
SVN,Slovenia,1995,0.706997642,SVN-1995
SVN,Slovenia,1996,0.806796156,SVN-1996
SVN,Slovenia,1997,1.6121149609999998,SVN-1997
SVN,Slovenia,1998,0.97489607,SVN-1998
SVN,Slovenia,1999,0.46981059299999994,SVN-1999
SVN,Slovenia,2000,0.6675776999999999,SVN-2000
SVN,Slovenia,2001,2.400913566,SVN-2001
SVN,Slovenia,2002,7.850251339,SVN-2002
SVN,Slovenia,2003,1.803521966,SVN-2003
SVN,Slovenia,2004,2.2137945009999997,SVN-2004
SVN,Slovenia,2005,2.670923857,SVN-2005
SVN,Slovenia,2006,1.7469766359999999,SVN-2006
SVN,Slovenia,2007,3.917583057,SVN-2007
SVN,Slovenia,2008,1.9447439130000002,SVN-2008
SVN,Slovenia,2009,-0.68916437,SVN-2009
SVN,Slovenia,2010,0.664509447,SVN-2010
SVN,Slovenia,2011,1.7070214119999998,SVN-2011
SVN,Slovenia,2012,0.072375532,SVN-2012
SVN,Slovenia,2013,0.21609585899999997,SVN-2013
SVN,Slovenia,2014,2.0424665440000003,SVN-2014
SVN,Slovenia,2015,4.015186157,SVN-2015
SVN,Slovenia,2016,3.2692485560000004,SVN-2016
SVN,Slovenia,2017,2.096648132,SVN-2017
SWE,Sweden,1970,0.288241108,SWE-1970
SWE,Sweden,1971,0.20522098,SWE-1971
SWE,Sweden,1972,0.13531046900000002,SWE-1972
SWE,Sweden,1973,0.143362375,SWE-1973
SWE,Sweden,1974,0.11767587199999999,SWE-1974
SWE,Sweden,1975,0.09816243699999999,SWE-1975
SWE,Sweden,1976,0.0055212080000000005,SWE-1976
SWE,Sweden,1977,0.087456009,SWE-1977
SWE,Sweden,1978,0.067701464,SWE-1978
SWE,Sweden,1979,0.092455934,SWE-1979
SWE,Sweden,1980,0.17910911300000001,SWE-1980
SWE,Sweden,1981,0.141654652,SWE-1981
SWE,Sweden,1982,0.31481883,SWE-1982
SWE,Sweden,1983,0.217994885,SWE-1983
SWE,Sweden,1984,0.269376597,SWE-1984
SWE,Sweden,1985,0.34924751299999995,SWE-1985
SWE,Sweden,1986,0.729670168,SWE-1986
SWE,Sweden,1987,0.354273413,SWE-1987
SWE,Sweden,1988,0.8200320740000001,SWE-1988
SWE,Sweden,1989,0.8432817509999999,SWE-1989
SWE,Sweden,1990,0.76792246,SWE-1990
SWE,Sweden,1991,2.349024907,SWE-1991
SWE,Sweden,1992,-0.00193309,SWE-1992
SWE,Sweden,1993,1.764661764,SWE-1993
SWE,Sweden,1994,2.77281581,SWE-1994
SWE,Sweden,1995,5.657740373999999,SWE-1995
SWE,Sweden,1996,1.906216142,SWE-1996
SWE,Sweden,1997,3.883527878,SWE-1997
SWE,Sweden,1998,7.502706886,SWE-1998
SWE,Sweden,1999,22.38404319,SWE-1999
SWE,Sweden,2000,8.782779083,SWE-2000
SWE,Sweden,2001,7.5933700879999995,SWE-2001
SWE,Sweden,2002,6.9646908839999995,SWE-2002
SWE,Sweden,2003,1.8144130790000002,SWE-2003
SWE,Sweden,2004,4.415617064,SWE-2004
SWE,Sweden,2005,5.34201209,SWE-2005
SWE,Sweden,2006,5.250230933,SWE-2006
SWE,Sweden,2007,9.459197008,SWE-2007
SWE,Sweden,2008,8.062125152,SWE-2008
SWE,Sweden,2009,2.085587092,SWE-2009
SWE,Sweden,2010,0.127995639,SWE-2010
SWE,Sweden,2011,1.239430649,SWE-2011
SWE,Sweden,2012,0.785748042,SWE-2012
SWE,Sweden,2013,0.22756815100000002,SWE-2013
SWE,Sweden,2014,-1.5029624869999998,SWE-2014
SWE,Sweden,2015,1.748485676,SWE-2015
SWE,Sweden,2016,1.576084941,SWE-2016
SWE,Sweden,2017,5.358008512,SWE-2017
TUR,Turkey,1970,,TUR-1970
TUR,Turkey,1971,,TUR-1971
TUR,Turkey,1972,,TUR-1972
TUR,Turkey,1973,,TUR-1973
TUR,Turkey,1974,0.179775716,TUR-1974
TUR,Turkey,1975,0.255412349,TUR-1975
TUR,Turkey,1976,0.019500728999999998,TUR-1976
TUR,Turkey,1977,0.046014769000000004,TUR-1977
TUR,Turkey,1978,0.052189645,TUR-1978
TUR,Turkey,1979,0.08389816800000001,TUR-1979
TUR,Turkey,1980,0.026166863999999998,TUR-1980
TUR,Turkey,1981,0.13372744,TUR-1981
TUR,Turkey,1982,0.085210108,TUR-1982
TUR,Turkey,1983,0.07458054900000001,TUR-1983
TUR,Turkey,1984,0.188365012,TUR-1984
TUR,Turkey,1985,0.14724485199999998,TUR-1985
TUR,Turkey,1986,0.165064419,TUR-1986
TUR,Turkey,1987,0.1319219,TUR-1987
TUR,Turkey,1988,0.389641206,TUR-1988
TUR,Turkey,1989,0.618797161,TUR-1989
TUR,Turkey,1990,0.453953303,TUR-1990
TUR,Turkey,1991,0.539899819,TUR-1991
TUR,Turkey,1992,0.532629453,TUR-1992
TUR,Turkey,1993,0.353000461,TUR-1993
TUR,Turkey,1994,0.46522243399999996,TUR-1994
TUR,Turkey,1995,0.5221672039999999,TUR-1995
TUR,Turkey,1996,0.397849726,TUR-1996
TUR,Turkey,1997,0.42405325,TUR-1997
TUR,Turkey,1998,0.340865375,TUR-1998
TUR,Turkey,1999,0.305997671,TUR-1999
TUR,Turkey,2000,0.359734117,TUR-2000
TUR,Turkey,2001,1.673891519,TUR-2001
TUR,Turkey,2002,0.453805521,TUR-2002
TUR,Turkey,2003,0.545822464,TUR-2003
TUR,Turkey,2004,0.688016608,TUR-2004
TUR,Turkey,2005,2.000533283,TUR-2005
TUR,Turkey,2006,3.6534802060000002,TUR-2006
TUR,Turkey,2007,3.26250001,TUR-2007
TUR,Turkey,2008,2.597157389,TUR-2008
TUR,Turkey,2009,1.331751256,TUR-2009
TUR,Turkey,2010,1.178776934,TUR-2010
TUR,Turkey,2011,1.943728493,TUR-2011
TUR,Turkey,2012,1.57257199,TUR-2012
TUR,Turkey,2013,1.426813984,TUR-2013
TUR,Turkey,2014,1.404324319,TUR-2014
TUR,Turkey,2015,2.0937503459999998,TUR-2015
TUR,Turkey,2016,1.544826395,TUR-2016
TUR,Turkey,2017,1.281161921,TUR-2017
USA,United States,1970,0.117112997,USA-1970
USA,United States,1971,0.074500972,USA-1971
USA,United States,1972,0.105267344,USA-1972
USA,United States,1973,0.14840233,USA-1973
USA,United States,1974,0.215001695,USA-1974
USA,United States,1975,0.151575886,USA-1975
USA,United States,1976,0.17309450899999998,USA-1976
USA,United States,1977,0.13902531699999998,USA-1977
USA,United States,1978,0.248242043,USA-1978
USA,United States,1979,0.330529154,USA-1979
USA,United States,1980,0.591440015,USA-1980
USA,United States,1981,0.784501563,USA-1981
USA,United States,1982,0.372915802,USA-1982
USA,United States,1983,0.287784655,USA-1983
USA,United States,1984,0.612766176,USA-1984
USA,United States,1985,0.46034563,USA-1985
USA,United States,1986,0.771629716,USA-1986
USA,United States,1987,1.200583054,USA-1987
USA,United States,1988,1.099182904,USA-1988
USA,United States,1989,1.206322082,USA-1989
USA,United States,1990,0.8109252990000001,USA-1990
USA,United States,1991,0.375442801,USA-1991
USA,United States,1992,0.30293767,USA-1992
USA,United States,1993,0.7469415090000001,USA-1993
USA,United States,1994,0.6311608479999999,USA-1994
USA,United States,1995,0.7541694609999999,USA-1995
USA,United States,1996,1.068121643,USA-1996
USA,United States,1997,1.226576245,USA-1997
USA,United States,1998,1.969707238,USA-1998
USA,United States,1999,2.99611081,USA-1999
USA,United States,2000,3.403728947,USA-2000
USA,United States,2001,1.6143272569999998,USA-2001
USA,United States,2002,0.99718388,USA-2002
USA,United States,2003,0.967328574,USA-2003
USA,United States,2004,1.693508915,USA-2004
USA,United States,2005,1.056437259,USA-2005
USA,United States,2006,2.12392017,USA-2006
USA,United States,2007,2.348898836,USA-2007
USA,United States,2008,2.260638966,USA-2008
USA,United States,2009,1.066584255,USA-2009
USA,United States,2010,1.733076403,USA-2010
USA,United States,2011,1.658791259,USA-2011
USA,United States,2012,1.5496196130000002,USA-2012
USA,United States,2013,1.7262121830000001,USA-2013
USA,United States,2014,1.363669566,USA-2014
USA,United States,2015,2.793272936,USA-2015
USA,United States,2016,2.574112827,USA-2016
USA,United States,2017,1.798159562,USA-2017
